Procs,Terms,Variable,Total,Rank,Time
1,10000,0.990000,100.000000,0.551090
1,20000,0.990000,100.000000,1.757262
1,30000,0.990000,100.000000,3.708088
