Procs,Terms,Variable,Total,MaxTime
1,50000,0.990000,100.000000,11.366181
1,75000,0.990000,100.000000,26.067324
1,100000,0.990000,100.000000,71.246997
